id_hijo,nombre_hijo,id_egresado
1,Elizabet,483
2,Kimmie,432
3,Katey,157
4,Wenona,886
5,Fernandina,9
6,Gustavo,432
7,Johann,768
8,Tadeas,643
9,Theadora,940
10,Cleo,537
11,Olin,907
12,Brittan,866
13,Idalia,533
14,Sayres,720
15,Coletta,24
16,Fern,136
17,Rod,344
18,Rodd,161
19,Alessandra,626
20,Loraine,421
21,Eolande,188
22,Denver,371
23,Keane,178
24,Sonnie,77
25,Caria,812
26,Bailie,722
27,Osbert,650
28,Dov,746
29,Roxie,21
30,Jacinda,812
31,Aurilia,69
32,Midge,452
33,Blithe,42
34,Nancy,848
35,Sherry,449
36,Waring,265
37,Tania,858
38,Kyrstin,50
39,Amalia,501
40,Gan,356
41,Giuditta,363
42,Lorette,642
43,Zsazsa,194
44,Aloysius,259
45,Elysha,942
46,Kellen,248
47,Ronnica,156
48,Wilburt,334
49,Myrtle,496
50,Victoria,799
51,Linnea,12
52,Krystal,126
53,Mayne,410
54,Vanya,852
55,Robbie,213
56,Ryan,388
57,Corrinne,275
58,Fayre,79
59,Benyamin,271
60,Irene,384
61,Almeria,279
62,Becki,423
63,Johann,328
64,Verne,551
65,Walther,939
66,Fleurette,804
67,Marcus,805
68,Michaela,563
69,Cleveland,416
70,Allie,258
71,Appolonia,331
72,Germain,102
73,Kitty,272
74,Shena,892
75,Valli,858
76,Evvie,555
77,Harv,253
78,Ysabel,132
79,Brok,757
80,Delmor,690
81,Wendall,525
82,Silvano,432
83,Noll,66
84,Cal,983
85,Artus,779
86,Hewe,941
87,Pearce,859
88,Jenna,730
89,Clyde,800
90,Margy,588
91,Fraze,37
92,Sebastian,940
93,Rebbecca,339
94,Townie,894
95,Merridie,316
96,Elfreda,964
97,Riannon,343
98,Reggi,492
99,Simonette,829
100,Ron,925
101,Dion,151
102,Brinn,406
103,Ulrika,682
104,Gav,883
105,Sisile,171
106,Annmarie,52
107,Frannie,541
108,Rochester,456
109,Cacilie,642
110,Hope,995
111,Kara,723
112,Merry,378
113,Brooke,155
114,Maurice,43
115,Eustacia,511
116,Bili,936
117,Cullin,358
118,Celina,146
119,Lebbie,99
120,Deloria,112
121,Nedda,820
122,Dolli,156
123,Aime,72
124,Herrick,623
125,Rudiger,171
126,Wyndham,189
127,Dulciana,923
128,Ada,736
129,Gerick,425
130,Nadya,405
131,Kassi,846
132,Lorrin,573
133,Merline,600
134,Irene,562
135,Eba,35
136,Susann,814
137,Augustus,526
138,Wiley,302
139,Allyson,8
140,Dagmar,980
141,Bab,93
142,Myriam,619
143,Minnaminnie,227
144,Johnna,831
145,Myrna,1000
146,Lorrie,92
147,Odie,303
148,Bent,13
149,Ardis,319
150,Putnem,850
151,Misti,770
152,Mareah,360
153,Bessy,849
154,Helen,477
155,Cammi,67
156,Ronalda,235
157,Anabella,816
158,Dorita,501
159,Ryan,715
160,Kimmy,315
161,Burl,47
162,Pedro,335
163,Zaccaria,669
164,Eimile,125
165,Sianna,589
166,Leisha,78
167,Shena,341
168,Roselin,711
169,Valaree,99
170,June,584
171,Hurleigh,300
172,Effie,122
173,Margaux,773
174,Jarrid,589
175,Germaine,94
176,Ramonda,123
177,Paquito,63
178,Yelena,439
179,Cassie,83
180,Sarena,153
181,Jorey,348
182,Royal,546
183,Brett,185
184,Joanna,642
185,Sherilyn,479
186,Grady,301
187,Tracee,156
188,Giselbert,841
189,Wallis,451
190,Evita,66
191,Delia,988
192,Joanne,30
193,Uriel,242
194,Edythe,787
195,Raina,609
196,Brenna,189
197,Mil,657
198,Patrice,836
199,Richart,904
200,Helge,820
201,Kleon,719
202,Ophelia,775
203,Bonita,73
204,Matt,992
205,Alden,174
206,Kattie,68
207,Keelby,324
208,Vivienne,866
209,Osborne,593
210,Tymothy,137
211,Arleyne,237
212,Sherman,541
213,Ruddie,384
214,Nicolle,968
215,Eleanore,218
216,Lucille,474
217,Gaye,726
218,Aileen,680
219,Meta,282
220,Honor,290
221,Jephthah,450
222,Elinore,347
223,Georgianne,293
224,Dolph,532
225,Lacee,142
226,Clerkclaude,480
227,Sanford,121
228,Mattie,835
229,Mervin,819
230,Terese,959
231,Gayle,282
232,Riordan,721
233,Angelina,478
234,Archer,641
235,Valera,48
236,Rolando,586
237,Tobye,840
238,Alaster,626
239,Kettie,162
240,Oriana,111
241,Ertha,26
242,Anne-marie,539
243,Starlin,883
244,Ernaline,812
245,Gwenore,397
246,Samaria,989
247,Brandy,201
248,Wald,167
249,Donielle,862
250,Terrance,507
251,Annabelle,707
252,Sheree,137
253,Barbie,396
254,Nerty,516
255,Drusie,795
256,Tome,228
257,Daven,585
258,Baillie,183
259,Tull,567
260,Jen,491
261,Shandee,472
262,Doralia,484
263,Nevin,839
264,Gregorio,39
265,Jocelin,297
266,Abbie,472
267,Maryanne,986
268,Pippo,54
269,Berton,557
270,Sonnnie,278
271,Yves,659
272,Millard,190
273,Cherrita,167
274,Caro,94
275,Kerianne,472
276,Gustav,862
277,Teresa,346
278,Kaspar,482
279,Susannah,264
280,Alikee,844
281,Stanly,994
282,Adelle,508
283,Maryanna,463
284,Jaine,747
285,Guendolen,566
286,Alena,49
287,Walton,959
288,Magdalen,88
289,Ardelis,843
290,Fionna,871
291,Aluino,328
292,Madelaine,731
293,Mireielle,772
294,Petr,158
295,Mahmoud,393
296,Melba,432
297,Adrianna,782
298,Ryun,762
299,Odelle,980
300,Correna,102
301,Analise,309
302,Virgilio,74
303,Claresta,85
304,Carlynn,441
305,Hunt,609
306,Brietta,160
307,Elsworth,835
308,Alisa,573
309,Lyle,291
310,Kimball,99
311,Patricio,207
312,Alejandro,159
313,Early,669
314,Ottilie,664
315,Abbey,392
316,Adela,297
317,Clarke,887
318,Dyane,714
319,Darryl,415
320,Merrilee,19
321,Elysha,909
322,Archie,22
323,Asa,217
324,Juieta,480
325,Jerrome,109
326,Sibyl,452
327,Allyson,610
328,Keith,533
329,Lynn,777
330,Matias,794
331,Malinda,547
332,Odie,94
333,Noelani,849
334,Alasteir,973
335,Agosto,666
336,Gisella,573
337,Alison,518
338,Mallory,834
339,Sabine,175
340,Katine,840
341,Adrien,682
342,Eduard,133
343,Winfield,176
344,Leonardo,167
345,Horten,902
346,Ermanno,565
347,Wiley,810
348,Babara,679
349,Turner,921
350,Oralla,48
351,Lief,455
352,Clerkclaude,745
353,Franz,806
354,Art,158
355,Hollie,611
356,Remy,841
357,Cass,621
358,Lindsey,244
359,Reggi,738
360,Leah,800
361,Terrence,587
362,Job,822
363,Paige,275
364,Ianthe,73
365,Roberta,486
366,Amalea,645
367,Sile,371
368,Eolanda,436
369,Odell,17
370,Carly,603
371,Forrest,954
372,Donia,134
373,Fanchon,769
374,Hilliary,794
375,Xymenes,854
376,Lanie,749
377,Valry,216
378,Krispin,574
379,Jabez,934
380,Antonella,273
381,Cherlyn,677
382,Marquita,310
383,Gabie,216
384,Nelly,725
385,Melvyn,699
386,Sonni,119
387,Cori,557
388,Clim,404
389,Axel,775
390,Sunny,834
391,Lottie,646
392,Stephani,627
393,Celeste,990
394,Uriah,704
395,Haley,513
396,Aldwin,444
397,Abeu,276
398,Wilone,512
399,Sollie,289
400,Gustave,296
401,Bevvy,323
402,Josephine,37
403,Lion,25
404,Zane,37
405,Ritchie,679
406,Matilda,618
407,Editha,123
408,Valery,448
409,Nancie,41
410,Felicio,583
411,Becki,881
412,Gretchen,570
413,Codie,506
414,Marylynne,395
415,Dillie,886
416,Charmian,534
417,Sawyere,968
418,Torrence,871
419,Rorie,305
420,Balduin,924
421,Luis,791
422,Bartholemy,142
423,Herrick,140
424,Eula,91
425,Chrysa,213
426,Aron,253
427,Elianore,87
428,Alli,600
429,Elwira,636
430,Benedikt,524
431,Abra,238
432,Vin,168
433,Rob,39
434,Heddie,24
435,Jennifer,93
436,Pegeen,894
437,Cassondra,839
438,Farica,349
439,Gaven,268
440,Homerus,139
441,Joyan,976
442,Sallyanne,688
443,Erika,489
444,Malissa,206
445,Fanny,238
446,Marvin,465
447,Biddie,509
448,Kristal,318
449,Hervey,753
450,Jerry,510
451,Dulce,797
452,Lucky,275
453,Rea,144
454,Esther,873
455,Jeannie,222
456,Karly,822
457,Angelia,64
458,Ruy,899
459,Aarika,404
460,Adham,442
461,Lora,991
462,Carry,60
463,Colline,114
464,Cheryl,163
465,Felicio,359
466,Meredeth,407
467,Mitchell,918
468,Bo,691
469,Deanna,726
470,Lazaro,861
471,Sol,426
472,Viki,731
473,Chadwick,924
474,Timmy,658
475,Sofia,528
476,Jean,870
477,Evan,400
478,Vivi,411
479,Hersh,658
480,Mill,68
481,Shell,904
482,Britt,136
483,Ruthann,450
484,Natividad,57
485,Sonya,645
486,Evvie,822
487,Kennan,290
488,Veronica,587
489,Devlin,681
490,Albertine,3
491,Cord,18
492,Helyn,464
493,Giusto,699
494,Willyt,488
495,Glyn,704
496,Kattie,805
497,Alvie,604
498,Willard,234
499,Lemuel,755
500,Jinny,452
501,Eduard,208
502,Baxie,291
503,Vlad,79
504,Arly,213
505,Roana,44
506,Clarice,124
507,Moritz,413
508,Cull,77
509,Arlinda,66
510,Danya,860
511,Hyacinthe,997
512,Ibrahim,124
513,Celka,858
514,Phip,165
515,Euell,262
516,Jolee,823
517,Ervin,43
518,Tracey,502
519,Freddy,567
520,Talyah,741
521,Ingar,98
522,Tomasina,639
523,Estevan,184
524,Dicky,351
525,Nathanial,525
526,Adina,911
527,Nikolas,754
528,Fidelity,173
529,Wilona,172
530,Mora,597
531,Shoshanna,509
532,Oby,589
533,Teddie,482
534,Daren,119
535,Sherm,633
536,June,146
537,Sisely,663
538,Daniella,770
539,Candra,474
540,Kiri,79
541,Zacharie,908
542,Martica,949
543,Stuart,719
544,Skyler,53
545,Cortie,603
546,Jania,671
547,Sisely,450
548,Ingamar,578
549,Ximenes,290
550,Valentina,694
551,Honor,357
552,Bendite,639
553,Kingston,994
554,Clem,760
555,Doreen,486
556,Pavla,449
557,Rickie,199
558,Lana,696
559,Gilligan,80
560,Maia,786
561,Randal,667
562,Kelly,649
563,Flossie,85
564,Ottilie,28
565,Deeanne,542
566,Barbra,410
567,Babb,537
568,Patrice,458
569,Baxie,669
570,Cathleen,622
571,Pacorro,214
572,Raoul,619
573,Field,345
574,Ceciley,422
575,Donal,686
576,Lynnette,9
577,Emlyn,39
578,Maddy,444
579,Liam,278
580,Veradis,451
581,Lavinie,950
582,Crista,575
583,Shea,557
584,Brander,638
585,Romy,871
586,Jody,727
587,Tymon,18
588,Dillon,558
589,Emmie,86
590,Nicholle,506
591,Rock,661
592,Maddy,516
593,Agata,55
594,Jaclin,640
595,Bronson,336
596,Harlan,801
597,Darline,699
598,Anne,633
599,Adelle,218
600,Rania,186
601,Jacquenette,949
602,Starla,778
603,Gabriell,960
604,Lawton,695
605,Coretta,853
606,Eachelle,368
607,Sim,357
608,Emmie,233
609,Ardys,946
610,Davin,221
611,Katey,915
612,Isidora,630
613,Brunhilde,563
614,Sephira,20
615,Leona,648
616,Jandy,650
617,Rowan,734
618,Leupold,92
619,Rhodia,542
620,Enos,172
621,Vere,685
622,Rebekkah,41
623,Rey,989
624,Sinclair,856
625,Rebbecca,389
626,Cristin,748
627,Aguste,930
628,Hugo,609
629,Milli,956
630,Shandie,547
631,Jody,458
632,Kip,111
633,Mikael,189
634,Jacquelynn,657
635,Dore,807
636,Lyndell,226
637,Katrinka,410
638,Nariko,652
639,Penny,641
640,Stevy,611
641,Yance,54
642,Reagen,522
643,Sondra,545
644,Alayne,405
645,Ichabod,719
646,Ollie,353
647,Robinette,858
648,Padgett,96
649,Zedekiah,491
650,Elliott,475
651,Ailina,472
652,Munroe,795
653,Hedvige,692
654,Clair,133
655,Rosemaria,823
656,George,372
657,Stace,519
658,Veradis,175
659,Gwendolen,719
660,Dena,367
661,Pen,43
662,Mada,55
663,Janela,460
664,Cindie,701
665,Brucie,54
666,Lorelle,165
667,Juline,988
668,Jessy,623
669,Freeman,131
670,Jervis,919
671,Saw,465
672,Lorin,385
673,Kinnie,854
674,Hi,584
675,Elyse,683
676,Carson,708
677,Shelley,125
678,Kenna,631
679,Jodi,751
680,Jenn,903
681,Currey,584
682,Mada,413
683,Katusha,912
684,Shara,503
685,Ingmar,985
686,Rodina,700
687,Walther,108
688,Maurizia,32
689,Nils,530
690,Orlan,981
691,Felipe,270
692,Izaak,12
693,Mellie,8
694,Johannes,307
695,Debra,836
696,Theo,213
697,Eleen,188
698,Lance,669
699,Mario,257
700,Rowena,697
701,Austina,492
702,Annadiane,918
703,Bibby,853
704,Ivie,472
705,Juan,808
706,Terence,290
707,Melany,727
708,Haley,809
709,Garrot,679
710,Vanya,369
711,Gavra,110
712,Silas,801
713,Dulcea,2
714,Myrtle,242
715,Tarah,332
716,Broddie,580
717,Kendall,827
718,Shandeigh,432
719,Bibby,502
720,Giovanni,772
721,Layne,60
722,Grange,846
723,Mal,190
724,Florence,146
725,Agustin,866
726,Darin,575
727,Jan,55
728,Elianora,666
729,Nehemiah,732
730,Willem,248
731,Cordey,586
732,Clerissa,721
733,Ariela,808
734,Maryellen,855
735,Francis,964
736,Lorne,455
737,Josias,488
738,Terri,293
739,Clemmie,3
740,Yardley,566
741,Dionne,760
742,Susanetta,64
743,Anne-marie,501
744,Leigh,562
745,Marlow,946
746,Pepillo,318
747,Vaclav,980
748,Mari,473
749,Kristopher,306
750,Jone,419
751,Russell,467
752,Skell,275
753,Josy,55
754,Imogen,930
755,Rey,37
756,Carmela,137
757,Kyla,381
758,Brady,566
759,Freddie,392
760,Sheree,997
761,Janeen,313
762,Rey,661
763,Samuele,841
764,Ranee,4
765,Sebastiano,241
766,Wells,995
767,Colette,921
768,Terrell,820
769,Chryste,851
770,Oralee,554
771,Kellia,274
772,Franky,156
773,Ker,204
774,Reube,658
775,Maurice,164
776,Arvie,406
777,Esme,121
778,Ketti,930
779,Des,743
780,Hernando,25
781,Valaria,584
782,Orson,562
783,Waite,200
784,Tommie,592
785,Willard,465
786,Verina,694
787,Barnaby,664
788,Archibold,567
789,Pavla,999
790,Whitman,909
791,Virginia,994
792,Karalee,63
793,Tera,164
794,Rog,834
795,Hurlee,767
796,Ralina,856
797,Almeda,843
798,Lon,227
799,Byrom,113
800,Geraldine,993
801,Coleen,515
802,Casey,746
803,Torre,357
804,Wrennie,521
805,Andrey,251
806,Robinson,895
807,Ruth,402
808,Edithe,125
809,Maury,609
810,Byrle,861
811,Anestassia,387
812,Matthus,250
813,Sherlocke,914
814,Denys,934
815,Avram,800
816,Jacob,457
817,Horace,384
818,Beverlee,474
819,Aylmar,349
820,Ilario,506
821,Aubrey,691
822,Job,711
823,Zora,460
824,Sapphire,240
825,Wilton,780
826,Monica,118
827,Giffard,194
828,Dyana,635
829,Julie,662
830,Faun,929
831,Cheryl,532
832,Ava,1
833,Gordy,522
834,Leon,524
835,Rockey,659
836,Hubert,188
837,Bartram,615
838,Adelaida,667
839,Winnie,712
840,Philippa,925
841,Colene,489
842,Wilek,759
843,Sybilla,519
844,Cord,635
845,Brigitte,277
846,Nanci,936
847,Travus,516
848,Kalie,926
849,Zaria,577
850,Lyndsie,357
851,Ynes,377
852,Kristos,196
853,Mano,729
854,Audrye,725
855,Kara-lynn,522
856,Corie,98
857,Ludovico,606
858,Lory,116
859,Noell,133
860,Clyve,691
861,Egor,815
862,Hercule,722
863,Marcelle,476
864,Sanson,633
865,Gordan,353
866,Bevin,206
867,Archie,926
868,Michal,857
869,Gibby,990
870,Gwennie,604
871,Ignatius,768
872,Trescha,774
873,Veronike,496
874,Mark,973
875,Jenn,603
876,Maggie,191
877,Cicily,208
878,Joli,679
879,Lyndsie,221
880,Dusty,463
881,Hurley,298
882,Raimund,12
883,Ondrea,953
884,Kristo,536
885,Duffie,267
886,Daffi,788
887,Agretha,681
888,Victoria,889
889,Jonie,247
890,Nananne,79
891,Danna,18
892,Laurette,270
893,Anna-maria,41
894,Othello,553
895,Katalin,174
896,Jacqui,768
897,Goldarina,737
898,Cordelie,147
899,Ezra,638
900,Frankie,172
901,Glynis,478
902,Wilden,254
903,Rosalinda,344
904,Maxy,335
905,Nelson,23
906,Dayle,552
907,Sol,874
908,Odelle,307
909,Bunnie,648
910,Rhonda,656
911,Delilah,204
912,Gustavus,869
913,Calli,899
914,Nealson,376
915,Gorden,974
916,Susann,170
917,Fletch,716
918,Rosella,740
919,Vivienne,568
920,Roslyn,626
921,Karlotte,422
922,Butch,568
923,Maurie,771
924,Gilly,997
925,Fallon,327
926,Chris,652
927,Shelli,547
928,Riley,692
929,Bili,580
930,Lukas,821
931,Susette,157
932,Marney,477
933,Lexine,714
934,Hally,70
935,Simeon,624
936,Saleem,381
937,Reynard,691
938,Elwood,622
939,Roanne,360
940,Ricki,248
941,Tanner,30
942,Eustacia,784
943,Ashlee,605
944,Maje,380
945,Waylin,451
946,Si,934
947,Freeman,14
948,Melvyn,521
949,Pattie,295
950,Liane,954
951,Arlyn,488
952,Sylvester,199
953,Alvy,51
954,Rhoda,951
955,Elva,689
956,Ambrosio,47
957,Renate,832
958,Jacquelynn,494
959,Wilbert,115
960,Shelly,313
961,Trudi,986
962,Rafa,483
963,Ebony,707
964,Matt,867
965,Lea,844
966,Stephani,630
967,Deanne,554
968,Gerrard,98
969,Calli,194
970,Kenn,166
971,Juliane,227
972,Celesta,122
973,Aindrea,399
974,Anson,957
975,Callean,764
976,Ashlee,950
977,Yolanthe,141
978,Corrinne,532
979,Evelin,831
980,Kimble,28
981,Aube,655
982,Veda,829
983,Alexis,528
984,Kaela,572
985,Ken,750
986,Buddy,467
987,Tirrell,988
988,Alvis,955
989,Faythe,343
990,Smith,777
991,Anthea,153
992,Stephani,354
993,Meggi,842
994,Briano,276
995,Ezequiel,663
996,Donella,467
997,Ranee,371
998,Beryl,619
999,Nester,858
1000,Kippy,981
