id_empresa,nombre,numero_empleados
1,"Kihn, Botsford and Rohan",44659
2,"Connelly, Dibbert and Lockman",15432
3,"Kautzer and Sons",13863
4,"Nienow LLC",25145
5,Kessler-Kuhlman,40500
6,Gorczany-Gerlach,10724
7,"Cummings, Thiel and Stanton",5763
8,Schmitt-Jacobson,10151
9,"Hamill, Conn and Kutch",6159
10,Becker-Welch,45996
11,"Pollich LLC",43573
12,"Hayes, Kessler and Lemke",27075
13,Rowe-Windler,31105
14,"Mante, Fadel and Leuschke",4898
15,"Yost Group",10162
16,"Gibson and Sons",4760
17,"Hettinger, Goldner and Rodriguez",8436
18,"Lesch Inc",8346
19,"Nitzsche, Kub and Kovacek",136
20,Sauer-Hahn,39104
21,"Anderson, Ullrich and Maggio",45015
22,"Trantow, West and Ziemann",25650
23,Schmidt-Kilback,634
24,"Glover, Lesch and Roberts",17272
25,"Lakin, Abshire and Waters",45991
26,"Kilback, Watsica and Champlin",46490
27,"Ward, Marquardt and Jacobson",49425
28,"Raynor LLC",2196
29,Mayert-Koelpin,20754
30,"Russel Group",34796
31,"Littel Inc",28437
32,"Schmeler Inc",49332
33,"Osinski and Sons",12152
34,Gerhold-Stanton,36469
35,"Effertz and Sons",46567
36,Aufderhar-Rodriguez,35623
37,"Becker LLC",18574
38,"Will, Mertz and Rau",588
39,Moen-Schinner,33548
40,Cremin-Trantow,16231
41,Swaniawski-Bartoletti,6093
42,"Pouros, Wehner and Murphy",23423
43,"Thompson, Huels and Swift",37265
44,"Jerde, Stracke and Abernathy",13692
45,Swift-Will,31098
46,"Gerhold, Dickinson and Hartmann",47017
47,Spinka-Schoen,8225
48,Beahan-O'Reilly,32776
49,Mohr-Senger,29973
50,"Rice Group",4133
51,Schmitt-Schmitt,27727
52,"Kozey, Emmerich and Gleichner",5817
53,"Crist and Sons",28602
54,Rutherford-Ernser,32863
55,"Lakin LLC",10604
56,"Towne, Barton and Hills",17120
57,Hodkiewicz-Schroeder,22794
58,Kohler-Marks,1198
59,"Mraz, Marquardt and Hahn",38697
60,"Ernser, Friesen and Conroy",41920
61,"Fritsch, Pollich and Shields",1489
62,"Macejkovic LLC",4041
63,"Shields, Schimmel and Zulauf",11066
64,"Daugherty LLC",29227
65,"Nolan, Feeney and Carroll",15336
66,Haley-Collins,8432
67,"Bins Group",41003
68,"Roberts, Kerluke and Okuneva",49948
69,"Gislason Inc",34662
70,Boehm-Runolfsson,39703
71,"Fahey Inc",43434
72,"Weissnat, Thompson and Kautzer",733
73,Gutmann-Herman,29809
74,"Huel Group",15027
75,"Kihn, O'Kon and Steuber",32849
76,"Stoltenberg, Hoppe and Cremin",45957
77,"Bogisich Inc",33635
78,"Swift Group",8351
79,"Beer and Sons",13305
80,"Schaden LLC",1288
81,"Goyette LLC",31973
82,"Wiegand Group",3544
83,"Stroman, Bartell and VonRueden",13208
84,"Kuhic LLC",18124
85,"Mitchell Inc",14420
86,"Hoeger Inc",28940
87,"Carter, Schamberger and Grant",44821
88,"Grimes, Simonis and Kovacek",35798
89,"Huel, McLaughlin and Cummings",39487
90,Kuhn-Goldner,39546
91,Frami-Cole,22587
92,"Zulauf and Sons",34755
93,"Schuster, Runte and Lubowitz",47864
94,"Cole LLC",1752
95,Kreiger-Kessler,30492
96,"Walter Inc",20326
97,Hammes-McCullough,32130
98,"Ratke, Turner and Wisozk",6232
99,Bauch-Lueilwitz,5426
100,"Wyman Inc",5784
101,"Murray, Orn and Koelpin",27584
102,Bins-Doyle,22165
103,O'Keefe-Lebsack,29999
104,"Hettinger, Willms and Donnelly",45132
105,"Stroman LLC",13380
106,"Yost, Barton and Hagenes",18999
107,"Quitzon and Sons",38939
108,"Brekke, Carroll and Tremblay",16039
109,"Schulist LLC",5631
110,O'Reilly-Senger,8663
111,"Metz and Sons",39441
112,Fay-Haley,18221
113,"Larson Inc",26844
114,Koelpin-Hintz,41363
115,Kiehn-Bogisich,29546
116,"Mraz LLC",39891
117,"Heidenreich Inc",33757
118,"Thiel LLC",37907
119,Mann-Wiegand,35603
120,"Rohan LLC",14287
121,Lind-Stehr,669
122,"Stamm and Sons",12187
123,"Schulist Inc",26292
124,Mayer-Buckridge,29328
125,Torp-Gottlieb,9274
126,Pollich-Kirlin,24286
127,Grimes-Jacobs,5948
128,"Weissnat and Sons",11436
129,"Veum Inc",15820
130,"Bahringer, Moore and Wisoky",34947
131,"Jones LLC",16114
132,"O'Conner, Welch and Bins",34441
133,"Willms and Sons",35030
134,"Von Group",8160
135,"Crona, Schultz and Wisoky",19713
136,"McLaughlin, Renner and Batz",7290
137,"Kulas LLC",41431
138,"Gorczany and Sons",45555
139,Rowe-Ortiz,32142
140,"Turner and Sons",38164
141,Armstrong-Wolff,5030
142,Greenfelder-Johnston,8474
143,"Macejkovic and Sons",29761
144,"Mueller Group",3335
145,Mertz-Waelchi,23415
146,"Crona and Sons",35997
147,"Berge Inc",4585
148,"Kozey, Roberts and Feeney",44931
149,"Champlin LLC",42682
150,Hilpert-Kiehn,12474
151,"Runolfsdottir, Bergstrom and Pouros",20959
152,"Wilderman, Sauer and Huels",2189
153,Gottlieb-Rohan,18239
154,Block-Smitham,42321
155,Kihn-Keeling,38541
156,"Gusikowski Group",39449
157,"VonRueden and Sons",30949
158,Lueilwitz-Huel,25664
159,"Homenick Group",44654
160,"Gusikowski, Casper and Hintz",37181
161,"Glover Inc",33743
162,"Robel Group",25143
163,Hettinger-Durgan,24599
164,Muller-Hauck,10196
165,"Cronin Group",35709
166,Johnston-Sauer,11021
167,"Nader, Gibson and Hyatt",26223
168,"Lind and Sons",32848
169,"Langosh and Sons",29099
170,"Trantow, Gleichner and Murray",49259
171,Grant-Oberbrunner,42283
172,"Anderson Inc",28371
173,"Ondricka, Boehm and Fadel",47480
174,"Harvey, Sporer and Murray",11074
175,"Kovacek Inc",1451
176,"Prohaska, Pfeffer and Cremin",4124
177,Hahn-Ryan,10551
178,Ziemann-Hegmann,672
179,"Wintheiser, Morar and Hoppe",8455
180,"Bruen LLC",28732
181,"Keebler Group",28317
182,"Dietrich LLC",17924
183,"Torphy, Crooks and Lynch",41608
184,"Dickinson, Farrell and Reichel",45933
185,"Conn and Sons",3611
186,"Lang, Douglas and Haley",14540
187,"Jacobi Group",34685
188,"Mann Group",19675
189,"Flatley Inc",42199
190,"Rolfson LLC",32677
191,"Mante, Cronin and Renner",21777
192,"Maggio, Hahn and Reichert",15353
193,Cummings-Borer,21882
194,"Bednar and Sons",46230
195,Weber-Kub,32219
196,Rowe-VonRueden,43336
197,"Hills, Goodwin and Roberts",34457
198,"Jenkins, Pagac and Sipes",9307
199,"Mertz Inc",676
200,"Jacobi, Jerde and Dooley",2131
201,"Rowe, Hegmann and King",7995
202,"Cole, Beer and Stamm",40204
203,Powlowski-Thompson,16156
204,"Reinger Group",25257
205,"Davis, Rowe and Trantow",3711
206,"O'Kon Inc",10057
207,"Wilkinson, Mertz and Goyette",17822
208,"Rolfson and Sons",1086
209,"Hudson Group",21180
210,"Ruecker, Hamill and Bogan",4821
211,Greenfelder-Yost,1328
212,"Wiegand Group",37226
213,"Jakubowski and Sons",10424
214,"Little, Gulgowski and Collier",32016
215,"Keeling Group",25174
216,Rosenbaum-D'Amore,37064
217,Schmeler-Mills,35770
218,"Breitenberg Inc",16931
219,"Wiza, Yost and Hane",33372
220,"Hauck, Schmitt and Denesik",5613
221,"Hermann Group",2217
222,Fahey-Thiel,19439
223,"Bernhard, Romaguera and Kertzmann",3863
224,Rutherford-Auer,799
225,"Kshlerin, Beier and Durgan",8624
226,"Hackett, Schowalter and Kuvalis",37867
227,"Mertz, Marks and Heaney",41397
228,"Zieme Inc",1147
229,Carter-Lynch,34864
230,Rohan-Doyle,5705
231,Bashirian-Conroy,27609
232,"Emard, Casper and Volkman",38416
233,"Labadie, Lebsack and Bradtke",11243
234,"Maggio and Sons",30910
235,Conn-Sporer,13451
236,"Prohaska, Senger and Crist",6266
237,Kirlin-Connelly,38556
238,"O'Kon, Thompson and Streich",43673
239,Fadel-Klocko,8424
240,"Roberts, DuBuque and Bergstrom",26780
241,"Wisozk Inc",13009
242,"Roberts, Dibbert and Carter",29317
243,"Lehner Group",1715
244,"Keebler Group",1945
245,"Kunde LLC",48633
246,Gerlach-Cronin,29565
247,"Wilderman, Wiegand and Schiller",44584
248,"Douglas, Windler and Durgan",14955
249,"Rau Group",47763
250,Hodkiewicz-Gleichner,35116
251,"Kovacek, Prohaska and Kohler",7416
252,"Bode Group",30790
253,"Spinka Group",29571
254,"Gulgowski Inc",2022
255,"Boehm LLC",40273
256,"Cummerata, Hane and Hodkiewicz",31516
257,"Jakubowski, Koch and Bednar",39103
258,"Mayer LLC",6621
259,"Thompson, Hahn and Abbott",17596
260,Jacobi-Gutmann,22105
261,"Macejkovic, Kozey and Schamberger",42803
262,"Dach, Feil and Rosenbaum",24245
263,"Wilderman Group",31716
264,"Senger, Schultz and Nolan",45836
265,"Schinner Group",31711
266,Donnelly-Beatty,46274
267,Senger-Gerlach,4092
268,"Dickinson and Sons",48382
269,"Goyette LLC",535
270,"Pacocha Inc",17479
271,"Sauer and Sons",3872
272,"Gutmann and Sons",23375
273,Weber-Feil,19127
274,Bernier-Batz,6111
275,"Mitchell Inc",79
276,"Bailey Group",23913
277,"Leuschke LLC",13486
278,"Schamberger, Dach and Shanahan",35430
279,"Goodwin, Prosacco and Purdy",12657
280,"Mayer Group",14288
281,"Barton, Hettinger and Daugherty",48573
282,"Beier, Hegmann and Braun",35954
283,Harris-Simonis,4568
284,Jacobson-Swift,45896
285,"Franecki, Langworth and Bauch",2984
286,"Hane Inc",26379
287,Hamill-Bauch,43127
288,Boyle-Bartell,36882
289,Ernser-Monahan,20758
290,"Nikolaus and Sons",42560
291,"Wehner LLC",6112
292,"Runolfsdottir LLC",31334
293,Hilpert-Bahringer,12126
294,"Predovic and Sons",36860
295,"Rempel LLC",33130
296,Leffler-Herman,5121
297,Schulist-Roberts,12103
298,Koss-Terry,25676
299,"Bartoletti, Kling and Shields",46595
300,"Friesen, Grady and VonRueden",11008
301,Windler-Dach,35267
302,Sawayn-Johnson,34704
303,"Hickle and Sons",35526
304,"Conroy, Hartmann and Abbott",32969
305,Sawayn-Beer,8511
306,"Heaney and Sons",14075
307,Simonis-Bins,49552
308,Boehm-Morar,27792
309,"Weber Inc",22088
310,"Orn Group",35663
311,"Kreiger Group",28629
312,"Kessler, Wiza and Schaden",22814
313,"Oberbrunner Group",6205
314,"Brekke, McGlynn and Wilderman",6251
315,"Hodkiewicz, Kris and Bailey",21175
316,"Kulas, Wilkinson and Botsford",11029
317,"Quitzon and Sons",37375
318,"Stiedemann Inc",41620
319,Schoen-Grant,40681
320,"Smitham Inc",28696
321,"Bauch, Effertz and Boyer",12469
322,Kulas-Wilderman,25573
323,Altenwerth-Lubowitz,34222
324,"Jones and Sons",9205
325,"Rolfson, Ferry and Thompson",18379
326,"Sawayn, Roberts and Gleason",23068
327,"Thompson, Christiansen and Conroy",12113
328,"Kautzer LLC",20068
329,"VonRueden, Christiansen and Nitzsche",2309
330,"Gutmann, Kilback and Stracke",17015
331,"Erdman, Klocko and Frami",9097
332,"Prohaska, Gleason and Predovic",24508
333,Smith-Frami,7815
334,Russel-Deckow,19996
335,"Okuneva LLC",5149
336,"Sauer LLC",13500
337,Grimes-Breitenberg,26868
338,"Effertz LLC",23502
339,Keebler-Gleichner,11111
340,"Goyette, Zemlak and Gerhold",23146
341,"Greenfelder Inc",31485
342,"Grimes Inc",17190
343,"Murphy, Feest and Padberg",16785
344,Hand-Mohr,11787
345,"Gleichner Inc",31243
346,"Jaskolski, Konopelski and Reichert",4563
347,"Franecki and Sons",17617
348,"Wunsch, Steuber and Mertz",18723
349,"Casper, Veum and Williamson",47002
350,"Daugherty, Schmeler and Goyette",4797
351,"Fay Group",9797
352,Hansen-Dicki,32920
353,"Kozey Group",49136
354,"Weber, Collier and Russel",43550
355,"Goldner Group",3636
356,"Gutmann LLC",24392
357,"Jaskolski LLC",43392
358,"Feeney Inc",31046
359,"Schroeder, Wintheiser and Adams",14728
360,"Torp LLC",17940
361,"Dooley, Zieme and Jones",15836
362,Bednar-Hodkiewicz,29047
363,"Bode, Kertzmann and Hyatt",26815
364,Johnson-Weber,5006
365,Hodkiewicz-Mertz,5768
366,"Cummings Group",41977
367,"Waelchi, Wyman and Abernathy",39641
368,Kihn-Okuneva,48418
369,Hermann-Doyle,9410
370,"Bednar, Becker and Torp",21837
371,"McGlynn, Morar and Harber",25316
372,"Green and Sons",22718
373,"Spinka LLC",26600
374,"Hills, Hansen and Treutel",18942
375,"Hoppe and Sons",49937
376,Zemlak-Sporer,48644
377,Moen-Cummerata,11971
378,"Green Group",83
379,"Cremin Group",44407
380,"Kohler, Wisoky and Hackett",8971
381,Wiza-Wisoky,23096
382,"Koelpin LLC",26807
383,"Dickinson and Sons",44612
384,"Thompson, Sporer and Ortiz",38216
385,"Mills LLC",556
386,Weissnat-Leannon,2429
387,Rogahn-Dooley,3927
388,"Kulas and Sons",46009
389,Pouros-O'Reilly,3553
390,"Walker Inc",9558
391,Feil-Carter,48205
392,Kling-Hammes,37395
393,Simonis-Ernser,11291
394,"Ferry Group",45637
395,"Carter, Wuckert and Huel",43103
396,Schmitt-Armstrong,11539
397,"Gleason and Sons",35586
398,Pouros-Waelchi,41223
399,"Torphy, Beer and Hoeger",1988
400,"Sipes, Gerhold and Ortiz",32308
401,Rolfson-Waelchi,21326
402,"Emmerich LLC",27734
403,"O'Kon and Sons",21244
404,"Fahey and Sons",13475
405,Donnelly-Treutel,33811
406,"Ullrich, Herman and Mohr",4485
407,"Zulauf, Spinka and O'Conner",47218
408,"Stracke Inc",30364
409,"Cummerata Group",32513
410,"Quigley, Kuhic and Quitzon",39424
411,Jerde-Klocko,40354
412,"Hessel and Sons",5585
413,"O'Kon, Koch and Jenkins",4385
414,"Weissnat, Nikolaus and Towne",9541
415,"Cummings Group",7704
416,Blanda-Bernhard,13383
417,Ruecker-Hilpert,42626
418,"Hamill, Dibbert and Labadie",45540
419,"Mertz Inc",29723
420,"Nader Inc",32777
421,"Fahey Group",40876
422,"Simonis, Hane and Mosciski",15898
423,"Schaden, DuBuque and Zieme",46462
424,"Bayer, Greenfelder and Stehr",16250
425,"Considine Group",11382
426,Kshlerin-Hilpert,45355
427,"Senger Inc",12333
428,"Prosacco Inc",18165
429,"Boehm, Becker and Cormier",28530
430,"Abshire Group",48508
431,"Runolfsson Group",4802
432,Mraz-Schumm,38873
433,"Cormier Group",1731
434,"Huels, Jacobi and Kessler",19498
435,"Crona Group",30726
436,"O'Connell, DuBuque and McGlynn",44065
437,Schmeler-Bechtelar,47197
438,Padberg-Haley,41215
439,Cummerata-Trantow,35220
440,"Johnson and Sons",21003
441,"Murray, Rempel and Fadel",14898
442,"Stokes LLC",49803
443,Emmerich-Aufderhar,15887
444,"Schultz Group",32794
445,"Gislason Inc",19153
446,"Conn, Hintz and O'Conner",43625
447,"Schultz, Kertzmann and Romaguera",45502
448,"Schultz, Bernhard and Altenwerth",24232
449,Heaney-Rodriguez,22881
450,"Hirthe LLC",39036
451,Ortiz-Yundt,45169
452,Langosh-Crooks,16950
453,"O'Hara and Sons",39802
454,"Hagenes and Sons",42700
455,"Brekke, Leuschke and Becker",7596
456,"Cummerata, Mayer and Volkman",24120
457,"Johnston, O'Keefe and Corwin",18246
458,Stoltenberg-Howe,31150
459,"Mohr, Terry and Goodwin",5477
460,Langosh-Dietrich,18614
461,"Torp, Bins and Pouros",42600
462,"Ledner and Sons",48533
463,"Roob, Adams and Reynolds",7354
464,"Zemlak, Will and Deckow",5985
465,"McClure and Sons",15932
466,"Gutmann Group",5304
467,"Steuber, Ziemann and Durgan",37906
468,"Brown, Friesen and Williamson",42771
469,"D'Amore, Ryan and Mosciski",43956
470,"Parker LLC",33099
471,"Balistreri LLC",7268
472,"Streich LLC",36742
473,"Gorczany LLC",44093
474,"Raynor Group",36095
475,"Frami, Rodriguez and Kuhic",45441
476,Carter-Trantow,738
477,"Ryan, Bergnaum and Schowalter",48977
478,Tremblay-Emard,41563
479,"Luettgen Group",23229
480,"Cassin Inc",14743
481,Nitzsche-Weber,5082
482,Barton-Wolff,32571
483,"Rohan LLC",38749
484,"Rutherford LLC",26532
485,"Hickle, Kihn and Waters",25188
486,Kozey-Wolff,41516
487,"O'Reilly Inc",42961
488,"Vandervort, Jakubowski and Hoeger",25916
489,"McClure Group",47515
490,Lubowitz-Beahan,44573
491,"Bayer, Leffler and Bradtke",6417
492,"Lubowitz LLC",8018
493,"Carroll LLC",1471
494,"Dickinson, Herman and Johnson",45081
495,"Stoltenberg LLC",33763
496,Murphy-Kirlin,35117
497,Durgan-Hartmann,16610
498,"O'Kon Inc",26203
499,"Oberbrunner, Ward and White",18619
500,"Parisian, Schamberger and Wolff",42926
501,"Muller Group",6754
502,Kozey-Farrell,44166
503,"Funk LLC",9945
504,"Metz, Leannon and Welch",37192
505,"Dare, Leuschke and Carroll",44827
506,Lynch-Auer,9336
507,"Swift, Johnson and Heller",11761
508,Stoltenberg-Grady,38990
509,"Stracke, Hickle and Oberbrunner",23583
510,"Fritsch Inc",29576
511,"Monahan, O'Keefe and Rowe",30270
512,"Dickinson, Jast and Armstrong",26059
513,"Hilll, Abbott and Rice",11130
514,"Predovic LLC",20255
515,Hane-Kemmer,40546
516,"Jacobs LLC",21346
517,"McKenzie, Prosacco and Jast",27157
518,"Kerluke, Zboncak and Bernhard",33588
519,"Howe Inc",1686
520,"Emmerich Inc",45600
521,"Bradtke, Cremin and Brown",22767
522,Monahan-Daniel,43352
523,"Walker, Heaney and Heidenreich",3815
524,"Wisoky Inc",17303
525,"Hyatt Inc",47005
526,Beier-Kohler,7553
527,"Weissnat LLC",3500
528,"Daniel, Fahey and Bogan",13898
529,"Simonis Group",19322
530,Bradtke-McClure,29720
531,Wyman-Heller,41191
532,"Kilback, Klein and Gleason",24553
533,Herzog-Fahey,13920
534,"Grant, Nikolaus and Runte",42625
535,"Vandervort, Padberg and Hayes",43199
536,"Block, Gerlach and Ritchie",15463
537,"Bergnaum Inc",45550
538,"White Group",34487
539,Weissnat-Crooks,20821
540,"Leffler LLC",29966
541,"Stroman Group",10576
542,Fritsch-Swaniawski,19245
543,"Roob Inc",12401
544,Klocko-Kuvalis,9731
545,"Powlowski, Ritchie and Hammes",20911
546,"Langosh and Sons",46249
547,"McGlynn LLC",3655
548,"Lindgren LLC",26937
549,"Cartwright Group",33636
550,Breitenberg-Ortiz,22139
551,Klein-Streich,24469
552,Gulgowski-Ruecker,23267
553,"D'Amore, Prohaska and Wisoky",194
554,"Schulist, Satterfield and Bins",18461
555,Goldner-Johnston,22048
556,"Anderson, Jakubowski and Gutkowski",3053
557,Baumbach-Stehr,16575
558,Kuhn-Quigley,22674
559,Kilback-Robel,43972
560,"Lowe, Bradtke and Swift",26482
561,Kris-Hessel,48948
562,Hauck-Powlowski,41603
563,Pfannerstill-McKenzie,3559
564,"Brakus LLC",12691
565,"Jenkins Inc",3228
566,"Green, Emard and Collins",8781
567,"Streich, Hudson and Schaden",28295
568,"Heller, Wintheiser and Mueller",35838
569,"Friesen, Langworth and Thiel",19072
570,Dietrich-Kub,23968
571,"Hilll and Sons",26400
572,Hartmann-Macejkovic,33061
573,"Feil Inc",4590
574,"Kulas, Barrows and Prohaska",29053
575,Runolfsdottir-Carter,5709
576,"Bailey, Davis and Witting",10321
577,"Orn Group",3714
578,"Maggio, Price and Lehner",17833
579,"Kerluke, Jerde and Dach",12746
580,"Labadie, Russel and Veum",9037
581,McGlynn-Hirthe,44396
582,"Quitzon, Labadie and Renner",8337
583,"Lehner, Schmeler and Kertzmann",22121
584,Swift-Emmerich,39668
585,Cormier-Walter,16704
586,Walsh-Pfeffer,8217
587,"Boyer, Sauer and Renner",37312
588,"Veum, Waelchi and Labadie",4002
589,"Gleichner and Sons",34324
590,"Halvorson Inc",42292
591,"Effertz, Gutkowski and Orn",18850
592,"Ritchie, Durgan and Lubowitz",45403
593,"Koepp, Shanahan and Waters",20474
594,"Koss, Langosh and DuBuque",30256
595,"Goodwin Inc",21229
596,"Rice Group",49063
597,"Keebler Inc",30183
598,"Hahn, Daugherty and Pagac",46185
599,Brakus-Schimmel,22166
600,"Hermiston and Sons",24732
601,"McClure and Sons",26374
602,Dickinson-Ebert,1891
603,"Cole, Vandervort and Orn",34203
604,Prosacco-Waters,48520
605,D'Amore-Larson,2389
606,"Upton and Sons",15072
607,Koepp-Hagenes,23619
608,"Hoeger and Sons",10805
609,"Doyle Group",2470
610,"Swaniawski, Roberts and DuBuque",9008
611,Becker-Daugherty,8452
612,"Quigley, Harvey and Klocko",26596
613,Corkery-Welch,11602
614,"Johnson LLC",18145
615,"MacGyver, Hermann and Murazik",13017
616,Stehr-Smith,42565
617,"Reilly LLC",37456
618,McKenzie-Dare,13854
619,"Legros, Schmidt and Bradtke",30281
620,"McCullough LLC",27402
621,"Morissette Group",9534
622,"Hintz and Sons",3290
623,Huel-Wilkinson,2787
624,"Lockman LLC",48389
625,"Rohan Inc",11491
626,Herzog-Skiles,39025
627,"Goyette, Hilpert and Botsford",8153
628,"Crooks Inc",46246
629,Zboncak-Grant,4341
630,Hamill-Hills,42010
631,"Beahan and Sons",1668
632,Hauck-Osinski,27806
633,McDermott-Gusikowski,15881
634,Balistreri-Greenfelder,20634
635,Stanton-Macejkovic,4124
636,Haag-Considine,20965
637,"Welch LLC",7540
638,Wyman-Predovic,5129
639,VonRueden-Stokes,15055
640,"Walker Group",35841
641,"Christiansen LLC",29522
642,Langworth-Spinka,17651
643,Morissette-Rice,17354
644,Casper-Altenwerth,27487
645,"Padberg, Hammes and Farrell",20123
646,"Ullrich and Sons",4537
647,Herman-Bruen,45555
648,"Skiles, Douglas and Herman",33493
649,"Kshlerin, Bayer and Zemlak",33554
650,"Hahn, Bernhard and Ankunding",4553
651,"Labadie LLC",29035
652,Glover-Johns,46634
653,"Littel Group",5112
654,"Gusikowski, Herman and VonRueden",9537
655,"Haag, Wehner and Sauer",9308
656,"Little LLC",39574
657,"Renner Group",17666
658,"Romaguera and Sons",1940
659,"Gottlieb, O'Keefe and Daugherty",11663
660,"Powlowski and Sons",33254
661,"Bednar, Johns and Grant",37298
662,"Ledner Group",31262
663,Bailey-Schmeler,11529
664,Orn-Koss,46172
665,"Cummerata Group",30342
666,Wintheiser-Turcotte,35403
667,Flatley-Hills,34297
668,"Powlowski, Tremblay and Larkin",25684
669,"Zieme, Little and Bailey",24441
670,Boehm-Mante,13302
671,Dooley-Wisoky,24258
672,"Green and Sons",32542
673,Russel-Hirthe,30797
674,"Weissnat, Franecki and Green",35514
675,"Goldner and Sons",31250
676,"Dooley and Sons",25006
677,"Carroll Group",38254
678,"Kulas Inc",27477
679,Shields-Macejkovic,33706
680,"Weimann Group",12207
681,"Langosh Group",35598
682,Dare-Gleichner,24753
683,Crist-Hettinger,12189
684,"Dach, Block and Casper",20376
685,"Friesen LLC",11033
686,Nader-Runolfsson,11065
687,"Lebsack, Labadie and Trantow",11807
688,"Hudson and Sons",14550
689,"Haag, Kuhic and Heller",40136
690,"Windler Inc",24160
691,Goyette-Leuschke,13490
692,Cruickshank-Emard,44984
693,Raynor-Ebert,17403
694,Nienow-Cummings,8954
695,"Will, Huels and Torphy",20390
696,"Vandervort, Considine and Jaskolski",21578
697,Herman-Skiles,26401
698,"Kozey Group",44609
699,"Johnston LLC",33863
700,"Gulgowski and Sons",11014
701,"DuBuque, Kovacek and Upton",40684
702,Luettgen-O'Connell,17488
703,Collins-Effertz,14277
704,Cummings-Gorczany,30031
705,"Cormier Inc",37108
706,"Sanford, Dooley and Walter",16600
707,"Williamson, Konopelski and Howell",8822
708,"Wisozk Inc",529
709,Rau-Rohan,20632
710,"Weissnat, Rutherford and Schneider",42752
711,"Gerhold Group",15304
712,"Littel and Sons",39145
713,Bradtke-Hackett,6451
714,"Streich Inc",29531
715,Bergstrom-Emmerich,13000
716,"Grimes Inc",5031
717,Borer-Hermann,11476
718,"Crona, Halvorson and Wintheiser",39339
719,"Turcotte, Crooks and Corkery",34117
720,Beier-Osinski,30040
721,Mohr-Lowe,37903
722,"Schimmel LLC",6383
723,"Zulauf, Konopelski and Boyle",39839
724,"Boehm Group",13997
725,Balistreri-Bogan,45161
726,"Johnson, Streich and Lind",23353
727,"Nikolaus Inc",33961
728,Reichel-Streich,48189
729,Daniel-Rippin,45722
730,"Vandervort, Medhurst and Kunde",29499
731,"O'Connell and Sons",20322
732,"Block, Cummerata and Armstrong",31006
733,Legros-Franecki,10141
734,"MacGyver, Simonis and Morissette",7547
735,"Kutch LLC",4765
736,"Terry and Sons",19016
737,Gutmann-Anderson,40242
738,Reinger-Lesch,28882
739,"Oberbrunner Group",47764
740,Rogahn-McKenzie,39591
741,"Parisian LLC",9881
742,Champlin-Stroman,2713
743,Denesik-Kunze,29422
744,Heller-Howell,39009
745,"Rowe and Sons",17131
746,"Pacocha, Kautzer and Schamberger",41002
747,Grimes-Bednar,13463
748,"Fahey, Schinner and Koch",19053
749,"Anderson, Wehner and Anderson",29090
750,"Nicolas, Bartell and Goodwin",19256
751,"Goldner, Kunde and Strosin",21196
752,"Stroman, McCullough and Grant",14705
753,Shields-Dach,48104
754,"Goodwin and Sons",16088
755,"Swaniawski, Weimann and Boyle",48711
756,Harris-Hyatt,19448
757,"Beer and Sons",37345
758,"Quitzon LLC",47914
759,"Hagenes and Sons",32036
760,"Schaefer LLC",32436
761,Kuhlman-Hauck,44568
762,"Gottlieb Inc",48899
763,Bode-Jacobi,47818
764,Prosacco-Metz,15653
765,"Mayert, Bradtke and Bergstrom",9525
766,"Prohaska, Leannon and Zieme",37636
767,"Trantow, Gibson and Kiehn",12543
768,"Kuvalis, Rogahn and Lesch",23012
769,Kessler-Leannon,21335
770,Kuvalis-Moen,47986
771,"Cassin, Welch and Abernathy",24928
772,"Kutch, Brown and Dach",34374
773,"Kassulke Inc",36388
774,"Pouros, Pouros and Carter",34210
775,"Bruen Group",16556
776,"Green, Pfeffer and Maggio",30786
777,McKenzie-Russel,21602
778,"Gulgowski, Fritsch and Windler",47452
779,"Rau Inc",21544
780,"Klocko, Harris and Marvin",45797
781,"Wuckert, Crooks and Reichert",11116
782,Schiller-Hahn,46409
783,Bernhard-Blanda,33144
784,Rempel-Zulauf,34042
785,Kuhic-Koelpin,18166
786,"Bergnaum, Padberg and Herzog",6136
787,Ernser-Heaney,29668
788,"Kunze, Considine and Runte",39917
789,Adams-Lind,10630
790,"Glover, Jaskolski and Homenick",28333
791,Heller-Huel,17245
792,"Miller Group",21900
793,"Armstrong, Koch and VonRueden",41287
794,Zieme-Bayer,49368
795,Lowe-Leuschke,13518
796,"Dibbert LLC",296
797,"Watsica, Mann and Bailey",26979
798,Lockman-Jaskolski,18457
799,"Emmerich, Goldner and Towne",48268
800,"Carroll, Stanton and Hermiston",30575
801,"O'Conner LLC",39569
802,"Glover, Schneider and Rippin",34132
803,Schamberger-Howe,39724
804,"Runolfsdottir Inc",37628
805,Kuvalis-Kunde,47808
806,"Langosh, Moore and Osinski",24556
807,Leffler-Luettgen,24548
808,"Schroeder, Steuber and Tremblay",34236
809,"Hand, Christiansen and Orn",9030
810,"Watsica, Bruen and Predovic",19698
811,"Klocko, Smith and Abernathy",33067
812,"Frami Group",31019
813,Satterfield-Runte,40140
814,"Ziemann, Kerluke and Bashirian",48925
815,Nolan-Orn,49889
816,"Hilll LLC",32374
817,Schamberger-Brown,49576
818,"Turcotte Inc",44029
819,"Schneider, Prosacco and Lindgren",24983
820,"Simonis, Vandervort and Reinger",44176
821,"Gerhold, Kihn and Collier",24663
822,"Weber LLC",17146
823,Emmerich-Lowe,2967
824,Mosciski-Lang,1642
825,"Fay Group",15873
826,"Corwin, Schinner and Jenkins",8437
827,Lesch-Frami,39387
828,"Morissette, Lind and Boyle",21513
829,Leuschke-Barrows,40706
830,Hamill-Senger,4856
831,Tromp-Doyle,28475
832,Simonis-Greenholt,46104
833,"Zboncak, Harber and Jacobs",19771
834,Aufderhar-Herman,10073
835,Hilpert-Price,9505
836,Kshlerin-Wintheiser,36592
837,"Howell, Cummings and Bartell",46975
838,"Kuhn, Marquardt and Bergstrom",32146
839,"Stamm Inc",26036
840,Reilly-Ullrich,41378
841,Koch-Schultz,6653
842,McLaughlin-Heidenreich,49582
843,"Hoeger, Kshlerin and Green",22641
844,"Sawayn LLC",47914
845,"Heller Group",41536
846,"Abbott Inc",28484
847,Strosin-Heller,14501
848,"Reinger and Sons",39384
849,Hudson-Mertz,47896
850,Wilkinson-Toy,3602
851,Schmeler-Kirlin,10627
852,"Waters, Jacobi and Hartmann",11848
853,"Collier, Larkin and Becker",364
854,Tillman-Mohr,22572
855,"Goldner, Koss and Crist",1731
856,"Waters Inc",32965
857,Lind-Huel,24727
858,"Daniel and Sons",49674
859,Lang-Nienow,3498
860,Huel-Schmidt,772
861,"Ortiz and Sons",38832
862,"Dach, Beier and Cummings",13175
863,Christiansen-Grant,33546
864,"Mueller Inc",44752
865,Wiza-Runte,8426
866,"Homenick, Kunze and Hickle",40841
867,"Rowe, Goodwin and Bruen",27331
868,"Cummings, Beahan and Pagac",17373
869,Dickinson-Rohan,44837
870,Schmidt-Roberts,23362
871,Schowalter-Stark,38574
872,"Kulas, Balistreri and White",16849
873,"Haag, Hickle and Hamill",19705
874,"Towne LLC",33942
875,Sporer-Pfannerstill,19206
876,"Volkman and Sons",32377
877,Schamberger-Fritsch,33563
878,"Osinski, Rowe and Becker",36282
879,"Hermann, Goodwin and Armstrong",7649
880,"Kutch LLC",38736
881,Christiansen-Luettgen,17578
882,"Kemmer, Jacobs and Hudson",3186
883,"O'Kon and Sons",48058
884,"Schuppe Inc",45129
885,"Vandervort, Nitzsche and Bernier",29322
886,"Ritchie Inc",45288
887,"Dickinson and Sons",33242
888,"Reichel Inc",35040
889,Lesch-Jerde,32569
890,"Quitzon, Hessel and Moore",40820
891,"Little and Sons",35269
892,Toy-Reichel,26275
893,"Heathcote, Kuhlman and Parisian",48743
894,"Hilpert, McDermott and Brakus",45543
895,"Toy, Reichel and Haley",2734
896,Bins-Maggio,22346
897,Sanford-Grant,30380
898,Upton-Hermann,25230
899,"Shanahan and Sons",17034
900,"Krajcik, Batz and Beer",13976
901,"Goyette Group",33590
902,"Lynch Inc",40222
903,"Swaniawski and Sons",43955
904,"Lubowitz, Feeney and White",25326
905,Stehr-Mann,15354
906,"Herman Inc",37374
907,"Cummings Group",45825
908,"Marks, Haley and Kub",3649
909,"Thiel and Sons",8594
910,Wisoky-Hermiston,49724
911,Bergstrom-Collier,34136
912,Ziemann-Walter,25800
913,"Bergstrom, Armstrong and Marvin",40029
914,"Ebert, Lueilwitz and Franecki",37780
915,"Hagenes, MacGyver and Dibbert",6775
916,Bailey-Schroeder,25191
917,Emmerich-Trantow,37746
918,"Lueilwitz, Rogahn and Gleason",14586
919,"Bergstrom, King and Larkin",23929
920,"Schinner, McClure and Hilpert",49305
921,"Veum, Bosco and Padberg",26620
922,Rolfson-Mills,13650
923,Waters-Welch,48255
924,"Russel Inc",35944
925,"Waters, Crist and Torp",15265
926,"Skiles and Sons",29106
927,Blick-Renner,12974
928,Kuhlman-Kulas,8870
929,"Langosh Inc",15075
930,"Graham LLC",39126
931,Moen-Reilly,3905
932,"Gerhold, Graham and Greenholt",27812
933,Schoen-Von,9473
934,Lang-Pouros,17154
935,"Ryan, Lubowitz and Feest",16525
936,"D'Amore Group",46
937,"Schoen Inc",35598
938,"Parisian Group",7775
939,Spencer-Quitzon,20927
940,"Miller, Nicolas and Hackett",1392
941,"Feil Group",44321
942,Hegmann-Koss,14460
943,"Quitzon, Ebert and Auer",45092
944,"Borer, Bruen and Conn",16121
945,Hartmann-Gulgowski,31688
946,"Wunsch, Cremin and Marquardt",32966
947,"Wehner, Hills and Herman",15966
948,"Hauck, Olson and Wilderman",14415
949,"Torp Group",3018
950,"Johns, Bailey and Beatty",38826
951,"Turcotte, Hessel and Rowe",43246
952,"Kihn, Murphy and Lehner",36635
953,"Monahan, Kessler and Murazik",15488
954,"Runte, Harvey and Skiles",5396
955,"Leuschke Group",31086
956,"Hoeger Inc",3905
957,Doyle-Harris,46082
958,Miller-Koepp,15750
959,"Champlin LLC",25681
960,"Hyatt, Homenick and Greenfelder",13518
961,Hickle-Johnston,27344
962,"Kulas Inc",48293
963,"Stehr, Sporer and Ritchie",38221
964,"Wuckert, Ziemann and Jenkins",47830
965,Herzog-Shields,23668
966,Hayes-Brown,33208
967,Dach-Lueilwitz,20423
968,"Gibson Group",26946
969,"Runolfsson, Collins and Schulist",34157
970,"Schiller Group",47756
971,"Friesen, Veum and Baumbach",5377
972,Farrell-Kunde,6008
973,Miller-O'Hara,37869
974,"Will, Crist and Christiansen",13621
975,Simonis-Walsh,7005
976,"Sipes Inc",12211
977,Nolan-Powlowski,5451
978,"Zemlak, McDermott and Green",29404
979,"Krajcik, Runolfsdottir and Herman",16378
980,"Rowe, Prohaska and Kutch",15462
981,"Halvorson, Borer and Botsford",29699
982,"O'Keefe, Herzog and Towne",31381
983,Glover-Kuvalis,49587
984,McLaughlin-MacGyver,49410
985,"Lesch, Erdman and Flatley",16055
986,"Schroeder, Toy and Swaniawski",44806
987,"Douglas LLC",9050
988,"Swaniawski Inc",46492
989,Trantow-Dietrich,7914
990,Schulist-Breitenberg,44654
991,"Hoppe, Shanahan and Hudson",23955
992,"Mante, Mosciski and Stroman",7114
993,"Watsica Group",26697
994,"Keeling Inc",27002
995,Stroman-Kuvalis,39354
996,"Morissette, Wilkinson and Shields",48996
997,Smith-Gottlieb,12431
998,"Osinski, Auer and Jast",14526
999,"Lockman Group",33153
1000,"Marvin, Beer and Willms",28441
